id,DA,BH,TI,ENG,PU,SI,PS
U0001,0.81,0.683,0.765,0.972,0.727,0.622,0.408
U0002,0.842,0.644,0.754,0.813,0.703,0.679,0.059
U0003,0.543,0.633,0.599,0.875,0.659,0.481,0.397
U0004,0.723,0.708,0.558,0.806,0.761,0.512,0.288
U0005,0.678,0.665,0.64,0.998,0.749,0.523,0.332
U0006,0.603,0.725,0.504,0.744,0.77,0.739,0.267
U0007,0.736,0.664,0.552,0.792,0.704,0.777,0.284
U0008,0.538,0.739,0.661,0.796,0.811,0.774,0.343
U0009,0.649,0.663,0.733,0.928,0.702,0.628,0.139
U0010,0.606,0.798,0.836,0.844,0.85,0.693,0.185
U0011,0.793,0.885,0.696,0.975,0.488,0.749,0.259
U0012,0.714,0.711,0.501,0.832,0.786,0.827,0.198
U0013,0.653,0.64,0.792,0.876,0.697,0.712,0.26
U0014,0.866,0.616,0.667,0.819,0.604,0.686,0.276
U0015,0.751,0.672,0.558,0.816,0.716,0.554,0.234
U0016,0.798,0.926,0.717,0.871,0.743,0.42,0.247
U0017,0.757,0.996,0.681,0.874,0.747,0.51,0.364
U0018,0.84,0.795,0.609,0.962,0.61,0.72,0.469
U0019,0.631,0.632,0.71,0.81,0.595,0.658,0.144
U0020,0.807,0.59,0.855,0.787,0.718,0.748,0.127
U0021,0.777,0.857,0.539,0.865,0.776,0.744,0.126
U0022,0.592,0.763,0.73,0.87,0.785,0.568,0.273
U0023,0.785,0.614,0.887,0.888,0.631,0.729,0.153
U0024,0.844,0.839,0.618,0.927,0.791,0.749,0.44
U0025,0.721,0.61,0.611,0.785,0.742,0.691,0.278
U0026,0.849,0.702,0.845,0.829,1.0,0.725,0.164
U0027,0.621,0.758,0.678,0.907,0.797,0.641,0.165
U0028,0.568,0.646,0.786,0.867,0.625,0.671,0.289
U0029,0.644,0.718,0.706,0.759,0.786,0.717,0.358
U0030,0.876,0.535,0.606,0.891,0.801,0.712,0.635
U0031,0.819,0.836,0.795,0.902,0.718,0.741,0.173
U0032,0.722,0.642,0.708,1.0,0.563,0.732,0.089
U0033,0.693,0.831,0.706,0.764,0.678,0.732,0.177
U0034,0.776,0.705,0.635,1.0,0.813,0.407,0.269
U0035,0.671,0.802,0.621,0.841,0.8,0.754,0.13
U0036,0.71,0.643,0.635,0.991,0.79,0.499,0.342
U0037,1.0,0.824,0.548,0.811,0.877,0.565,0.294
U0038,0.843,0.589,0.694,0.591,0.648,0.62,0.125
U0039,0.946,0.528,0.656,0.86,0.894,0.478,0.366
U0040,0.751,0.582,0.746,0.866,0.69,0.658,0.211
U0041,0.764,0.779,0.859,0.751,0.963,0.416,0.235
U0042,0.821,0.734,0.638,0.833,0.701,0.579,0.335
U0043,0.793,0.617,0.79,0.875,0.831,0.726,0.167
U0044,0.683,0.79,0.761,0.848,0.762,0.803,0.191
U0045,0.816,0.676,0.678,0.938,0.833,0.748,0.381
U0046,0.753,0.782,0.669,0.876,0.737,0.662,0.31
U0047,0.652,0.951,0.599,0.753,0.866,0.745,0.312
U0048,0.825,0.699,0.61,0.856,0.682,0.767,0.235
U0049,0.651,0.661,0.741,0.805,0.668,0.679,0.274
U0050,0.689,0.643,0.723,0.734,0.609,0.564,0.229
U0051,0.787,0.877,0.786,0.837,0.748,0.53,0.248
U0052,0.715,0.739,0.617,0.892,0.903,0.637,0.29
U0053,0.833,0.652,0.722,0.851,0.76,0.557,0.252
U0054,0.81,0.874,0.796,1.0,0.673,0.755,0.268
U0055,1.0,0.603,0.616,0.802,0.538,0.587,0.174
U0056,0.768,0.741,0.888,0.926,0.692,0.542,0.299
U0057,0.592,0.92,0.818,0.812,0.579,0.812,0.239
U0058,0.899,0.509,0.64,0.85,0.755,0.596,0.312
U0059,0.622,0.683,0.712,0.891,0.821,0.515,0.097
U0060,0.903,0.74,0.625,0.974,0.762,0.792,0.257
U0061,0.997,0.911,0.675,0.928,0.815,0.814,0.154
U0062,0.832,0.827,0.524,0.755,0.546,0.618,0.322
U0063,0.93,0.709,0.863,0.74,0.58,0.643,0.288
U0064,0.746,0.452,0.691,0.746,0.817,0.694,0.156
U0065,0.688,0.573,0.694,0.926,0.651,0.71,0.197
U0066,0.655,0.687,0.596,0.806,0.63,0.886,0.254
U0067,0.666,0.726,0.689,0.832,0.811,0.741,0.197
U0068,0.681,0.667,0.47,0.729,0.887,0.847,0.225
U0069,0.819,0.737,1.0,0.94,0.737,0.535,0.089
U0070,0.774,0.609,0.558,0.798,0.642,0.852,0.338
U0071,0.749,0.878,0.708,0.781,0.902,0.715,0.146
U0072,0.727,0.595,0.562,0.924,0.941,0.482,0.306
U0073,0.672,0.642,0.641,0.781,0.755,0.55,0.277
U0074,0.744,0.671,0.609,0.804,0.826,0.71,0.152
U0075,0.762,0.79,0.533,0.893,0.684,0.718,0.174
U0076,0.533,0.505,0.705,0.871,0.66,0.727,0.084
U0077,0.742,0.555,0.635,0.854,0.664,0.604,0.351
U0078,0.681,0.8,0.587,0.892,0.894,0.353,0.17
U0079,0.819,0.676,0.737,0.802,0.759,0.631,0.367
U0080,0.781,0.741,0.659,0.811,0.707,0.697,0.208
U0081,0.785,0.949,0.787,0.824,0.87,0.601,0.046
U0082,0.629,0.476,0.665,0.851,0.918,0.689,0.228
U0083,0.85,0.435,0.724,0.912,0.602,0.787,0.284
U0084,0.7,0.776,0.927,0.865,0.775,0.595,0.165
U0085,0.85,0.597,0.707,0.812,0.798,0.69,0.354
U0086,0.689,0.668,0.602,0.814,0.788,0.741,0.158
U0087,0.854,0.863,0.741,1.0,0.673,0.501,0.072
U0088,0.93,0.779,0.694,0.872,0.637,0.943,0.263
U0089,0.763,0.787,0.748,0.868,0.671,0.707,0.438
U0090,0.911,0.891,0.649,0.771,0.737,0.657,0.359
U0091,0.547,0.884,0.684,0.816,0.649,0.451,0.332
U0092,0.759,0.545,0.57,0.823,0.917,0.619,0.1
U0093,0.721,0.667,0.43,0.846,0.727,0.734,0.435
U0094,0.885,0.668,0.589,1.0,0.756,0.652,0.248
U0095,0.774,0.683,0.643,0.806,0.747,0.585,0.179
U0096,0.763,0.669,0.85,0.638,0.859,0.8,0.043
U0097,0.709,0.655,0.559,0.788,0.639,0.86,0.344
U0098,0.903,0.787,0.587,0.808,0.799,0.503,0.321
U0099,0.721,0.655,0.771,0.886,0.714,0.789,0.142
U0100,0.824,0.771,0.669,0.876,0.625,0.761,0.232
U0101,0.687,0.826,0.63,0.737,0.594,0.723,0.122
U0102,0.961,0.45,0.87,0.867,0.74,0.585,0.29
U0103,0.745,0.832,0.711,0.862,0.714,0.643,0.281
U0104,0.545,0.538,0.774,0.864,0.732,0.652,0.285
U0105,0.685,0.607,0.72,0.772,0.791,0.446,0.353
U0106,0.807,0.731,0.798,0.983,0.851,0.429,0.122
U0107,0.675,0.703,0.752,0.792,0.769,0.559,0.189
U0108,0.581,0.589,0.565,0.772,0.855,0.536,0.513
U0109,0.809,0.722,0.614,0.906,0.692,0.665,0.506
U0110,0.738,0.838,0.63,0.847,0.927,0.575,0.431
U0111,0.835,0.633,0.763,0.928,0.812,0.462,0.177
U0112,0.72,0.691,0.762,0.864,0.616,0.696,0.311
U0113,0.817,0.83,0.783,0.887,0.743,0.451,0.293
U0114,0.775,0.733,0.572,0.764,0.855,0.645,0.318
U0115,0.753,0.704,0.794,0.809,0.76,0.595,0.207
U0116,0.713,0.727,0.652,0.95,0.661,0.628,0.206
U0117,0.924,0.724,0.803,0.731,0.777,0.757,0.258
U0118,0.878,0.638,0.841,1.0,0.714,0.597,0.395
U0119,0.94,0.637,0.658,0.827,0.616,0.54,0.15
U0120,0.658,0.696,0.723,0.974,0.65,0.768,0.229
U0121,0.744,0.781,0.588,0.881,0.767,0.709,0.279
U0122,1.0,0.623,0.647,0.8,0.694,0.574,0.369
U0123,0.92,0.632,0.617,0.888,0.695,0.726,0.27
U0124,0.568,0.886,0.88,0.801,0.711,0.684,0.283
U0125,0.829,0.941,0.682,0.786,0.612,0.562,0.247
U0126,0.965,0.638,0.722,0.849,0.869,0.953,0.197
U0127,0.691,0.825,0.768,0.998,0.808,0.607,0.309
U0128,0.883,0.798,0.751,0.935,0.867,0.816,0.315
U0129,0.73,0.718,0.821,0.785,0.787,0.603,0.253
U0130,0.903,0.723,0.705,0.741,0.825,0.727,0.466
U0131,0.504,0.533,0.63,0.978,0.486,0.778,0.523
U0132,0.578,0.433,0.623,0.927,0.346,0.763,0.366
U0133,0.729,0.272,0.533,0.858,0.735,0.743,0.383
U0134,0.832,0.283,0.336,0.864,0.425,0.648,0.535
U0135,0.587,0.415,0.446,0.907,0.598,0.74,0.672
U0136,0.389,0.271,0.517,0.815,0.537,0.726,0.492
U0137,0.362,0.717,0.59,0.932,0.551,0.796,0.518
U0138,0.617,0.596,0.759,0.84,0.606,0.741,0.623
U0139,0.449,0.77,0.595,0.677,0.519,0.682,0.551
U0140,0.452,0.433,0.373,0.775,0.136,0.592,0.541
U0141,0.668,0.564,0.484,0.815,0.499,0.634,0.63
U0142,0.682,0.467,0.603,0.841,0.194,0.725,0.368
U0143,0.4,0.458,0.816,0.884,0.414,0.807,0.618
U0144,0.689,0.509,0.522,0.89,0.559,0.84,0.526
U0145,0.707,0.42,0.758,0.84,0.811,0.681,0.658
U0146,0.58,0.402,0.542,0.788,0.564,0.802,0.381
U0147,0.546,0.821,0.807,0.864,0.506,0.762,0.524
U0148,0.397,0.461,0.4,0.86,0.597,0.702,0.639
U0149,0.366,0.28,0.627,0.925,0.753,0.704,0.579
U0150,0.544,0.474,0.706,0.885,0.264,0.898,0.616
U0151,0.456,0.559,0.659,0.846,0.417,0.683,0.447
U0152,0.726,0.582,0.556,0.897,0.073,0.865,0.241
U0153,0.496,0.332,0.445,0.936,0.43,0.785,0.444
U0154,0.622,0.512,0.446,0.92,0.426,0.594,0.399
U0155,0.775,0.628,0.558,0.785,0.452,0.958,0.496
U0156,0.615,0.655,0.629,0.794,0.471,0.743,0.446
U0157,0.659,0.508,0.688,0.812,0.512,0.55,0.56
U0158,0.602,0.65,0.252,1.0,0.479,0.861,0.325
U0159,0.642,0.342,0.525,1.0,0.471,0.772,0.554
U0160,0.624,0.523,0.644,1.0,0.491,0.77,0.576
U0161,0.716,0.678,0.677,0.706,0.745,0.635,0.486
U0162,0.437,0.49,0.639,0.852,0.563,0.911,0.504
U0163,0.513,0.645,0.743,0.697,0.59,0.82,0.414
U0164,0.756,0.477,0.615,0.803,0.502,0.64,0.277
U0165,0.789,0.373,0.481,0.605,0.404,0.618,0.647
U0166,0.701,0.397,0.87,0.918,0.451,0.5,0.725
U0167,0.342,0.253,0.723,1.0,0.708,0.806,0.521
U0168,0.678,0.614,0.634,0.83,0.491,0.675,0.416
U0169,0.296,0.485,0.481,0.71,0.527,0.889,0.56
U0170,0.314,0.352,0.713,0.722,0.466,0.805,0.334
U0171,0.566,0.3,0.528,0.852,0.261,0.794,0.448
U0172,0.633,0.534,0.764,0.833,0.436,0.762,0.515
U0173,0.557,0.506,0.516,0.754,0.29,0.925,0.301
U0174,0.446,0.392,0.707,0.791,0.687,0.683,0.483
U0175,0.425,0.822,0.457,0.851,0.595,0.791,0.428
U0176,0.531,0.507,0.582,0.916,0.832,0.694,0.286
U0177,0.537,0.887,0.504,0.984,0.752,0.695,0.518
U0178,0.794,0.443,0.576,0.762,0.348,0.685,0.303
U0179,0.555,0.385,0.628,0.664,0.55,0.833,0.211
U0180,0.606,0.684,0.455,0.987,0.563,0.679,0.443
U0181,0.634,0.511,0.665,0.728,0.525,0.609,0.437
U0182,0.414,0.39,0.748,0.929,0.591,0.641,0.412
U0183,0.732,0.521,0.878,0.859,0.529,0.719,0.466
U0184,0.527,0.606,0.715,0.741,0.3,0.566,0.511
U0185,0.384,0.177,0.647,1.0,0.499,0.834,0.46
U0186,0.535,0.638,0.565,0.847,0.548,0.683,0.569
U0187,0.524,0.387,0.664,0.73,0.504,0.749,0.58
U0188,0.621,0.496,0.698,0.959,0.584,0.751,0.293
U0189,0.39,0.454,0.527,0.801,0.508,0.803,0.442
U0190,0.623,0.51,0.363,0.726,0.478,0.629,0.522
U0191,0.78,0.683,0.574,0.969,0.522,0.716,0.376
U0192,0.505,0.442,0.62,0.836,0.5,0.794,0.593
U0193,0.692,0.277,0.294,0.913,0.295,0.728,0.31
U0194,0.28,0.581,0.691,0.762,0.111,0.695,0.497
U0195,0.328,0.528,0.598,0.878,0.518,0.653,0.594
U0196,0.526,0.496,0.488,0.776,0.367,0.733,0.655
U0197,0.344,0.258,0.777,0.799,0.4,0.854,0.377
U0198,0.824,0.602,0.541,1.0,0.409,0.824,0.486
U0199,0.745,0.734,0.604,0.745,0.569,0.682,0.692
U0200,0.57,0.445,0.622,0.685,0.354,0.87,0.371
U0201,0.393,0.58,0.742,0.892,0.649,0.674,0.279
U0202,0.775,0.452,0.57,0.953,0.583,0.796,0.71
U0203,0.453,0.639,0.607,0.847,0.729,0.801,0.515
U0204,0.711,0.445,0.499,0.716,0.205,0.956,0.318
U0205,0.517,0.458,0.637,0.902,0.629,0.692,0.43
U0206,0.592,0.463,0.793,0.869,0.61,0.816,0.591
U0207,0.577,0.305,0.648,0.755,0.421,0.809,0.599
U0208,0.553,0.546,0.804,0.844,0.89,0.807,0.239
U0209,0.663,0.557,0.755,0.887,0.479,0.628,0.425
U0210,0.422,0.413,0.671,0.987,0.559,0.63,0.503
U0211,0.729,0.409,0.584,0.821,0.382,0.815,0.435
U0212,0.613,0.367,0.548,0.892,0.444,0.923,0.402
U0213,0.584,0.64,0.43,0.644,0.271,0.876,0.384
U0214,0.934,0.415,0.622,0.974,0.801,0.956,0.595
U0215,0.704,0.589,0.693,0.765,0.377,0.75,0.43
U0216,0.482,0.604,0.715,0.829,0.722,0.636,0.427
U0217,0.442,0.22,0.59,0.808,0.727,0.813,0.327
U0218,0.828,0.683,0.67,0.797,0.356,0.713,0.581
U0219,0.833,0.731,0.541,0.708,0.521,0.573,0.489
U0220,0.528,0.43,0.409,0.871,0.42,0.633,0.105
U0221,0.546,0.766,0.799,0.774,0.41,0.797,0.33
U0222,0.595,0.615,0.747,0.81,0.469,0.662,0.351
U0223,0.516,0.555,0.71,0.74,0.724,0.723,0.447
U0224,0.438,0.136,0.706,0.894,0.458,0.757,0.512
U0225,0.316,0.421,0.695,0.695,0.544,0.614,0.506
U0226,0.545,0.258,0.74,0.747,0.378,0.77,0.588
U0227,0.398,0.509,0.651,0.889,0.526,0.713,0.351
U0228,0.563,0.339,0.249,0.864,0.636,0.514,0.329
U0229,0.643,0.809,0.602,0.747,0.473,0.887,0.372
U0230,0.43,0.428,0.486,0.832,0.744,0.782,0.42
U0231,0.506,0.266,0.706,0.812,0.473,1.0,0.486
U0232,0.437,0.436,0.738,0.831,0.284,0.842,0.37
U0233,0.831,0.662,0.546,0.948,0.51,0.835,0.508
U0234,0.423,0.403,0.724,0.787,0.439,0.654,0.501
U0235,0.859,0.34,0.603,0.961,0.488,0.795,0.323
U0236,0.614,0.472,0.718,0.939,0.888,0.808,0.489
U0237,0.579,0.447,0.641,0.79,0.525,0.882,0.329
U0238,0.721,0.698,0.586,0.608,0.409,0.88,0.447
U0239,0.4,0.424,0.701,0.875,0.464,0.713,0.403
U0240,0.412,0.742,0.561,0.942,0.728,0.85,0.398
U0241,0.611,0.496,0.492,0.852,0.323,0.869,0.394
U0242,0.58,0.542,0.569,0.879,0.429,0.837,0.288
U0243,0.569,0.791,0.48,0.752,0.577,0.768,0.492
U0244,0.623,0.595,0.733,0.861,0.464,0.817,0.678
U0245,0.53,0.354,0.733,0.808,0.174,0.835,0.386
U0246,0.536,0.55,0.623,0.891,0.435,0.801,0.419
U0247,0.661,0.592,0.488,0.929,0.42,0.831,0.494
U0248,0.826,0.466,0.558,0.818,0.455,0.83,0.256
U0249,0.392,0.34,0.714,0.991,0.484,0.733,0.458
U0250,0.724,0.361,0.629,0.918,0.575,0.769,0.57
U0251,0.476,0.831,0.252,0.075,0.427,0.656,0.734
U0252,0.914,0.943,0.547,0.596,0.461,0.461,0.558
U0253,0.77,0.649,0.676,0.324,0.368,0.533,0.755
U0254,1.0,0.675,0.379,0.239,0.152,0.358,0.746
U0255,0.748,0.667,0.139,0.338,0.124,0.564,0.76
U0256,0.625,0.713,0.237,0.398,0.551,0.169,0.764
U0257,0.781,0.831,0.382,0.237,0.302,0.331,0.879
U0258,0.803,0.978,0.341,0.244,0.123,0.18,0.56
U0259,0.832,0.811,0.113,0.484,0.278,0.472,0.943
U0260,0.908,0.718,0.216,0.027,0.242,0.418,0.632
U0261,0.784,0.759,0.316,0.252,0.375,0.516,0.619
U0262,0.969,0.738,0.353,0.456,0.385,0.593,0.784
U0263,0.727,0.793,0.178,0.366,0.345,0.419,0.735
U0264,0.574,0.684,0.364,0.374,0.196,0.64,0.646
U0265,0.916,0.801,0.253,0.616,0.171,0.588,0.87
U0266,0.72,0.917,0.312,0.393,0.389,0.43,0.847
U0267,0.895,0.54,0.546,0.101,0.505,0.619,0.619
U0268,0.751,0.617,0.318,0.304,0.467,0.647,0.917
U0269,0.733,0.725,0.097,0.229,0.495,0.692,0.602
U0270,0.729,0.747,0.392,0.229,0.414,0.379,0.748
U0271,0.866,0.751,0.285,0.334,0.337,0.394,0.719
U0272,0.992,0.817,0.306,0.455,0.3,0.626,0.794
U0273,0.787,0.804,0.114,0.181,0.171,0.471,0.958
U0274,1.0,0.827,0.425,0.08,0.269,0.332,0.675
U0275,0.78,0.693,0.053,0.462,0.189,0.486,0.999
U0276,0.69,0.446,0.307,0.515,0.644,0.266,0.81
U0277,0.744,0.737,0.747,0.125,0.388,0.52,0.88
U0278,0.812,0.787,0.291,0.39,0.299,0.543,0.706
U0279,0.845,0.746,0.519,0.342,0.084,0.639,0.641
U0280,0.722,0.679,0.556,0.03,0.821,0.608,0.777
U0281,0.793,0.784,0.428,0.447,0.433,0.463,0.726
U0282,0.782,0.727,0.52,0.439,0.0,0.548,0.773
U0283,0.798,0.703,0.519,0.492,0.234,0.511,0.633
U0284,0.634,0.675,0.479,0.493,0.427,0.559,0.812
U0285,0.723,0.802,0.47,0.463,0.528,0.556,0.792
U0286,0.928,0.747,0.218,0.326,0.238,0.349,0.733
U0287,0.705,0.713,0.066,0.382,0.35,0.327,0.829
U0288,0.913,0.557,0.236,0.235,0.209,0.574,0.727
U0289,0.768,0.51,0.445,0.164,0.359,0.492,0.913
U0290,0.643,0.388,0.378,0.62,0.536,0.481,0.691
U0291,0.897,0.633,0.421,0.426,0.509,0.864,0.797
U0292,0.739,0.747,0.085,0.246,0.289,0.371,0.768
U0293,0.701,0.885,0.35,0.349,0.301,0.473,0.849
U0294,0.696,0.671,0.304,0.148,0.227,0.379,0.855
U0295,0.832,0.773,0.478,0.329,0.409,0.435,0.782
U0296,0.73,0.457,0.33,0.563,0.489,0.595,0.898
U0297,0.811,0.774,0.257,0.303,0.442,0.631,0.733
U0298,0.746,0.75,0.44,0.133,0.006,0.367,0.604
U0299,0.739,0.732,0.282,0.568,0.399,0.495,0.825
U0300,0.663,0.875,0.339,0.451,0.189,0.217,0.848
U0301,0.845,0.642,0.22,0.519,0.172,0.696,0.642
U0302,0.877,0.711,0.44,0.268,0.326,0.456,0.63
U0303,0.889,0.688,0.316,0.201,0.0,0.421,1.0
U0304,0.894,0.748,0.311,0.353,0.432,0.273,0.884
U0305,0.886,0.836,0.416,0.353,0.451,0.539,0.708
U0306,0.731,0.762,0.582,0.164,0.13,0.475,0.756
U0307,0.821,0.779,0.317,0.573,0.11,0.326,0.738
U0308,0.603,0.729,0.599,0.353,0.385,0.261,0.676
U0309,0.755,0.712,0.542,0.434,0.183,0.487,0.81
U0310,0.937,0.94,0.198,0.228,0.161,0.415,0.806
U0311,0.918,0.741,0.302,0.373,0.225,0.763,0.557
U0312,0.822,0.993,0.351,0.321,0.296,0.423,0.915
U0313,0.535,0.934,0.136,0.31,0.286,0.538,0.558
U0314,0.855,0.993,0.146,0.378,0.251,0.514,0.752
U0315,0.723,0.809,0.621,0.321,0.458,0.256,0.635
U0316,0.857,0.928,0.403,0.303,0.35,0.262,0.823
U0317,0.906,0.696,0.279,0.39,0.284,0.44,1.0
U0318,0.77,0.707,0.253,0.462,0.323,0.353,0.909
U0319,0.97,0.678,0.07,0.501,0.247,0.569,0.514
U0320,0.907,0.605,0.46,0.352,0.207,0.389,0.832
U0321,0.813,0.82,0.646,0.115,0.593,0.466,0.642
U0322,0.64,0.727,0.488,0.331,0.577,0.232,0.749
U0323,0.65,0.794,0.483,0.287,0.0,0.48,0.802
U0324,0.849,0.898,0.189,0.452,0.529,0.183,0.788
U0325,0.739,0.74,0.402,0.277,0.249,0.455,0.62
U0326,0.67,0.832,0.178,0.45,0.419,0.191,0.669
U0327,0.943,0.632,0.28,0.419,0.468,0.412,0.678
U0328,0.971,0.959,0.497,0.363,0.229,0.325,0.813
U0329,0.85,0.918,0.448,0.125,0.508,0.3,0.704
U0330,0.83,0.989,0.816,0.441,0.323,0.53,0.857
U0331,0.762,0.965,0.385,0.425,0.45,0.513,0.851
U0332,0.726,0.683,0.185,0.416,0.467,0.519,0.951
U0333,0.799,0.83,0.186,0.292,0.454,0.577,0.715
U0334,0.791,0.568,0.296,0.484,0.436,0.525,0.756
U0335,0.801,0.671,0.455,0.413,0.424,0.371,0.492
U0336,0.932,0.693,0.221,0.454,0.291,0.609,0.824
U0337,0.882,0.586,0.532,0.389,0.295,0.472,0.537
U0338,0.849,0.626,0.147,0.122,0.517,0.356,0.934
U0339,0.736,0.545,0.183,0.535,0.327,0.368,0.769
U0340,0.86,0.884,0.567,0.296,0.151,0.388,0.781
U0341,0.684,0.635,0.402,0.343,0.355,0.336,0.722
U0342,0.689,0.857,0.505,0.073,0.211,0.226,0.672
U0343,0.79,0.576,0.212,0.199,0.381,0.46,0.663
U0344,0.821,0.684,0.309,0.601,0.551,0.255,0.85
U0345,0.897,0.612,0.473,0.581,0.182,0.312,0.872
U0346,0.833,0.816,0.401,0.409,0.151,0.607,0.89
U0347,0.772,0.745,0.12,0.427,0.436,0.441,0.885
U0348,0.76,0.818,0.197,0.346,0.324,0.484,0.706
U0349,0.784,0.849,0.284,0.109,0.612,0.657,0.595
U0350,0.883,0.69,0.39,0.394,0.315,0.332,0.667
U0351,0.69,0.65,0.34,0.243,0.452,0.673,0.68
U0352,0.829,0.81,0.421,0.361,0.461,0.522,0.601
U0353,0.904,0.856,0.236,0.356,0.452,0.419,0.879
U0354,1.0,0.656,0.143,0.396,0.458,0.415,0.924
U0355,0.639,0.833,0.259,0.608,0.649,0.335,0.684
U0356,0.903,0.704,0.343,0.354,0.062,0.448,0.667
U0357,0.741,0.923,0.162,0.472,0.308,0.408,0.845
U0358,0.841,0.818,0.495,0.3,0.258,0.287,0.651
U0359,1.0,0.899,0.147,0.152,0.422,0.532,0.816
U0360,0.769,0.735,0.399,0.363,0.017,0.416,0.648
U0361,0.821,1.0,0.405,0.303,0.488,0.522,0.8
U0362,0.873,0.997,0.18,0.421,0.211,0.533,0.64
U0363,0.75,0.715,0.496,0.488,0.163,0.458,0.665
U0364,0.649,0.724,0.304,0.714,0.415,0.243,0.682
U0365,0.923,1.0,0.112,0.068,0.631,0.508,0.646
U0366,0.864,0.434,0.351,0.399,0.489,0.298,0.76
U0367,0.689,0.781,0.216,0.289,0.201,0.548,0.853
U0368,0.772,0.755,0.133,0.305,0.342,0.843,0.617
U0369,0.976,0.87,0.392,0.614,0.406,0.508,0.744
U0370,0.947,0.882,0.256,0.152,0.32,0.33,0.742
U0371,0.948,0.695,0.344,0.359,0.477,0.113,0.677
U0372,0.825,0.894,0.276,0.069,0.443,0.355,0.607
U0373,0.725,0.728,0.259,0.019,0.485,0.641,0.828
U0374,0.663,0.726,0.349,0.44,0.45,0.34,0.76
U0375,0.855,0.925,0.456,0.468,0.363,0.662,0.799
U0376,0.697,0.918,0.455,0.284,0.278,0.494,0.806
U0377,0.824,0.787,0.605,0.511,0.379,0.591,0.626
U0378,0.848,0.967,0.317,0.223,0.252,0.287,0.656
U0379,0.756,0.581,0.352,0.485,0.214,0.678,0.811
U0380,0.924,0.671,0.478,0.186,0.484,0.476,0.816
U0381,0.174,0.216,0.322,0.105,0.196,0.086,0.885
U0382,0.165,0.433,0.325,0.13,0.208,0.281,0.746
U0383,0.199,0.056,0.292,0.044,0.16,0.218,0.868
U0384,0.305,0.301,0.338,0.234,0.182,0.306,0.646
U0385,0.464,0.442,0.128,0.176,0.146,0.234,0.833
U0386,0.565,0.512,0.093,0.262,0.283,0.296,0.909
U0387,0.652,0.504,0.28,0.305,0.164,0.253,0.765
U0388,0.585,0.227,0.434,0.25,0.01,0.294,0.59
U0389,0.444,0.483,0.179,0.212,0.345,0.189,0.694
U0390,0.572,0.644,0.25,0.301,0.284,0.161,0.751
U0391,0.535,0.603,0.318,0.112,0.349,0.186,0.766
U0392,0.401,0.583,0.352,0.241,0.196,0.255,0.856
U0393,0.0,0.306,0.279,0.085,0.189,0.225,0.976
U0394,0.586,0.28,0.232,0.193,0.105,0.273,0.724
U0395,0.18,0.443,0.326,0.12,0.24,0.174,0.825
U0396,0.473,0.345,0.305,0.148,0.13,0.225,0.725
U0397,0.323,0.118,0.191,0.172,0.124,0.221,0.794
U0398,0.422,0.481,0.172,0.08,0.046,0.192,0.765
U0399,0.235,0.156,0.195,0.218,0.21,0.183,0.759
U0400,0.211,0.345,0.148,0.257,0.0,0.207,0.83
U0401,0.378,0.754,0.292,0.1,0.14,0.037,0.792
U0402,0.225,0.487,0.184,0.188,0.086,0.459,0.768
U0403,0.625,0.472,0.308,0.237,0.189,0.019,0.772
U0404,0.477,0.343,0.081,0.195,0.32,0.4,0.794
U0405,0.493,0.295,0.046,0.108,0.306,0.217,0.776
U0406,0.305,0.636,0.445,0.422,0.134,0.285,0.648
U0407,0.572,0.175,0.276,0.09,0.091,0.15,0.739
U0408,0.269,0.268,0.35,0.09,0.172,0.396,0.749
U0409,0.242,0.315,0.392,0.219,0.097,0.308,0.69
U0410,0.452,0.411,0.213,0.116,0.061,0.314,0.923
U0411,0.254,0.419,0.0,0.142,0.147,0.141,0.706
U0412,0.25,0.394,0.228,0.0,0.0,0.177,0.846
U0413,0.0,0.275,0.187,0.339,0.111,0.296,0.814
U0414,0.03,0.465,0.276,0.251,0.543,0.0,0.972
U0415,0.307,0.393,0.245,0.158,0.093,0.29,0.648
U0416,0.463,0.288,0.114,0.155,0.276,0.186,0.836
U0417,0.24,0.464,0.332,0.385,0.132,0.33,0.81
U0418,0.544,0.242,0.339,0.181,0.144,0.261,0.825
U0419,0.333,0.382,0.439,0.299,0.237,0.195,0.711
U0420,0.493,0.481,0.427,0.14,0.127,0.053,0.761
U0421,0.499,0.28,0.327,0.181,0.182,0.112,0.809
U0422,0.0,0.322,0.054,0.321,0.228,0.306,0.952
U0423,0.208,0.612,0.362,0.176,0.264,0.117,0.718
U0424,0.259,0.271,0.123,0.322,0.124,0.292,0.743
U0425,0.077,0.391,0.021,0.193,0.013,0.488,0.891
U0426,0.366,0.54,0.148,0.254,0.17,0.282,0.927
U0427,0.46,0.393,0.051,0.104,0.138,0.261,0.687
U0428,0.712,0.577,0.322,0.207,0.129,0.136,0.808
U0429,0.389,0.164,0.29,0.184,0.0,0.147,0.759
U0430,0.633,0.433,0.09,0.249,0.0,0.38,0.753
U0431,0.336,0.549,0.096,0.06,0.092,0.375,0.648
U0432,0.0,0.282,0.316,0.32,0.104,0.201,0.915
U0433,0.07,0.292,0.273,0.245,0.099,0.254,0.551
U0434,0.251,0.418,0.132,0.206,0.195,0.209,0.817
U0435,0.206,0.319,0.323,0.216,0.091,0.277,0.871
U0436,0.043,0.524,0.21,0.243,0.27,0.085,0.729
U0437,0.307,0.232,0.458,0.114,0.094,0.275,0.68
U0438,0.291,0.398,0.21,0.191,0.097,0.068,0.832
U0439,0.613,0.353,0.277,0.269,0.023,0.454,0.82
U0440,0.595,0.24,0.468,0.278,0.205,0.278,0.775
U0441,0.53,0.371,0.014,0.088,0.131,0.287,0.794
U0442,0.533,0.057,0.267,0.018,0.226,0.239,0.842
U0443,0.22,0.542,0.375,0.258,0.137,0.32,0.729
U0444,0.478,0.597,0.378,0.127,0.186,0.095,0.857
U0445,0.418,0.07,0.111,0.172,0.12,0.105,0.839
U0446,0.388,0.321,0.159,0.305,0.316,0.192,0.739
U0447,0.424,0.296,0.233,0.274,0.0,0.408,0.807
U0448,0.288,0.337,0.245,0.027,0.299,0.255,0.844
U0449,0.493,0.197,0.307,0.173,0.235,0.0,0.79
U0450,0.26,0.415,0.306,0.129,0.079,0.237,0.71
U0451,0.476,0.295,0.0,0.163,0.046,0.054,0.676
U0452,0.366,0.549,0.288,0.139,0.196,0.195,0.731
U0453,0.177,0.087,0.203,0.216,0.14,0.2,0.705
U0454,0.441,0.152,0.343,0.1,0.075,0.074,0.75
U0455,0.496,0.427,0.367,0.252,0.04,0.21,0.722
U0456,0.55,0.17,0.357,0.289,0.333,0.201,0.871
U0457,0.692,0.257,0.066,0.012,0.221,0.024,0.763
U0458,0.416,0.378,0.301,0.222,0.278,0.136,0.732
U0459,0.234,0.475,0.358,0.245,0.268,0.109,0.967
U0460,0.578,0.46,0.464,0.034,0.098,0.162,0.872
U0461,0.192,0.464,0.414,0.27,0.178,0.131,0.715
U0462,0.537,0.467,0.245,0.158,0.0,0.121,0.991
U0463,0.158,0.378,0.371,0.075,0.168,0.363,0.801
U0464,0.78,0.1,0.377,0.183,0.227,0.303,0.727
U0465,0.384,0.071,0.322,0.23,0.214,0.377,0.837
U0466,0.372,0.218,0.165,0.319,0.294,0.221,0.805
U0467,0.214,0.526,0.33,0.394,0.062,0.205,0.823
U0468,0.447,0.318,0.145,0.288,0.222,0.14,0.936
U0469,0.526,0.37,0.26,0.255,0.064,0.254,0.585
U0470,0.481,0.116,0.43,0.167,0.129,0.175,0.771
U0471,0.563,0.0,0.403,0.234,0.029,0.121,0.968
U0472,0.208,0.177,0.386,0.234,0.056,0.276,0.697
U0473,0.515,0.509,0.314,0.236,0.326,0.25,0.682
U0474,0.417,0.663,0.128,0.164,0.192,0.244,0.702
U0475,0.518,0.698,0.274,0.11,0.0,0.281,0.91
U0476,0.421,0.35,0.179,0.091,0.233,0.36,0.645
U0477,0.588,0.436,0.418,0.066,0.013,0.232,0.85
U0478,0.619,0.456,0.221,0.097,0.273,0.134,0.963
U0479,0.307,0.589,0.331,0.186,0.098,0.209,0.843
U0480,0.362,0.261,0.23,0.208,0.0,0.305,0.702
U0481,0.177,0.097,0.035,0.064,0.079,0.484,0.747
U0482,0.377,0.41,0.266,0.192,0.03,0.424,0.981
U0483,0.098,0.196,0.216,0.104,0.201,0.163,1.0
U0484,0.529,0.382,0.373,0.311,0.094,0.152,0.808
U0485,0.479,0.371,0.061,0.12,0.143,0.241,0.997
U0486,0.142,0.426,0.429,0.427,0.11,0.309,0.857
U0487,0.379,0.335,0.302,0.0,0.218,0.265,0.778
U0488,0.657,0.249,0.202,0.399,0.067,0.184,0.785
U0489,0.476,0.381,0.095,0.147,0.089,0.241,0.843
U0490,0.413,0.084,0.378,0.225,0.288,0.303,0.91
U0491,0.42,0.552,0.313,0.19,0.377,0.357,0.857
U0492,0.159,0.157,0.285,0.215,0.089,0.267,0.959
U0493,0.454,0.179,0.237,0.12,0.111,0.2,0.752
U0494,0.162,0.331,0.183,0.0,0.355,0.381,0.762
U0495,0.353,0.174,0.453,0.39,0.166,0.373,0.818
U0496,0.149,0.288,0.266,0.155,0.128,0.239,0.792
U0497,0.358,0.191,0.164,0.072,0.248,0.0,0.915
U0498,0.558,0.305,0.0,0.164,0.144,0.129,0.748
U0499,0.58,0.45,0.139,0.04,0.117,0.224,0.85
U0500,0.27,0.427,0.482,0.282,0.145,0.228,0.764
